North","Amolatar","Amai Community Hospital"
"North","Amolatar","Amolatar HC IV"
"North","Amolatar","Etam HC III"
"North","Amolatar","Namasale HC III"
"North","Amuru","Amuru HC III"
"North","Amuru","Anaka Hospital"
"North","Amuru","Atiak HC IV"
"North","Amuru","Pabbo HC III"
"North","Amuru","Purongo HC III"
"North","Gulu","Awach HC IV"
"North","Gulu","Gulu Independent Hospital"
"North","Gulu","Gulu Military Hospital"
"North","Gulu","Gulu Reg Hospital"
"North","Gulu","Lacor Hospital"
"North","Gulu","Lalogi HC IV"
"North","Gulu","Opit HC III"
"North","Gulu","TASO Gulu"
"North","Kitgum","Kitgum Gov Hospital"
"North","Kitgum","Kitgum Matidi HC III"
"North","Kitgum","Madi Opei HC III"
"North","Kitgum","Mucwini HC III"
"North","Kitgum","Namokora HC IV"
"North","Kitgum","Omiya Anyima HC III"
"North","Kitgum","Orom HCIII"
"North","Kitgum","Padibe Mater HC IV"
"North","Kitgum","Pajimo HC III"
"North","Kitgum","Palabek Kal HC III"
"North","Kitgum","St Joseph's Hospital"
"North","Kitgum","Sts Peter and Paul"
"North","Oyam","Aber Hospital"
"North","Oyam","Agulurude HC III"
"North","Oyam","Anyeke HC III"
"North","Oyam","Iceme HC III"
"North","Oyam","Minakulo HC III"
"North","Oyam","Ngai HC III"
"North","Oyam","Otwal HC III"
"North","Pader","Acholi Bur"
"North","Pader","Awere HC III"
"North","Pader","Kalongo Hospital"
"North","Pader","Lira Kato"
"North","Pader","Pader HC III"
"North","Pader","Pajule HC IV"
"North","Pader","Patongo HC III"
"North","Pader","Rackoko HC III"
"West","Bulisa","Biiso HCIII"
"West","Bulisa","Buliisa HCIV"
"West","Bulisa","Butiaba HC III"
"West","Bundibugyo","Bubukwanga HCIII"
"West","Bundibugyo","Bundibudyo Hospital"
"West","Bundibugyo","Busaru HCIII"
"West","Bundibugyo","Kakuha HCIII"
"West","Bundibugyo","Karugutu HCIV"
"West","Bundibugyo","Kikyo HCIII"
"West","Bundibugyo","Nyahuka HCIV"
"West","Bundibugyo","Rwebisengo HCIII"
"West","Hoima","Buhimba HCIII"
"West","Hoima","Buraru HCIII"
"West","Hoima","Butema HCIII"
"West","Hoima","Dwoli HCIII"
"West","Hoima","Hoima R.R.Hospital"
"West","Hoima","Kabwoya HCIII"
"West","Hoima","Kigorobya HCIII"
"West","Hoima","Kikuube HCIV"
"West","Hoima","Kyangwali HCIII"
"West","Hoima","Mparangasi HCIII"
"West","Hoima","Rwanyawawa HCIII"
"West","Kabarole","Fortportal R.R. Hospital"
"West","Kabarole","Iruhura HCIII (NGO)"
"West","Kabarole","Kabarole Hospital"
"West","Kabarole","Kiyombya HCIII"
"West","Kabarole","Rwimi HCIII"
"West","Kabarole","Virika Hospital"
"West","Kabarole","Yerya HCIII (NGO)"
"West","Kamwenge","Kambuga C.O.U"
"West","Kamwenge","Kamwenge HCIV"
"West","Kamwenge","Kamwenge Med.Centre"
"West","Kamwenge","Kicheche HCIII"
"West","Kamwenge","Ntara HCIII"
"West","Kamwenge","Nyaban HCIII"
"West","Kamwenge","Rukunyu HCIV"
"West","Kamwenge","Rwamwanja HCIII"
"West","Kibaale","Kagadi Clinic"
"West","Kibaale","Kagadi Health Care Clinic"
"West","Kibaale","Kagadi Hospital"
"West","Kibaale","Kagadi Medical Centre"
"West","Kibaale","Kakindo HCIV"
"West","Kibaale","Kakumiro HCIV"
"West","Kibaale","Kisiita HCIII"
"West","Kibaale","Mabale HCIII"
"West","Kibaale","Muhorro Catholic H/C"
"West","Kibaale","Nyamarwa HCIII"
"West","Kibaale","ST.Ambroze HCIV"
"West","Kyenjojo","Bufujo HCIII"
"West","Kyenjojo","Butiti HCIII"
"West","Kyenjojo","Butunduzi HCIII"
"West","Kyenjojo","Hapuyo HCIII"
"West","Kyenjojo","Kakabara HCIII"
"West","Kyenjojo","Kasule HCIII"
"West","Kyenjojo","Katooke HCIII"
"West","Kyenjojo","Kazinga HCIII"
"West","Kyenjojo","Kigarale HCIII"
"West","Kyenjojo","Kisojo HCIII"
"West","Kyenjojo","Kyalusozi HCIV"
"West","Kyenjojo","Kyegegwa HCIV"
"West","Kyenjojo","Kyenjojo HCIV"
"West","Kyenjojo","Mpara HCIII"
"West","Kyenjojo","Nyamabuga HCIII"
"West","Kyenjojo","Nyankwanzi HCIII"
"West","Masindi","Bwijanga HCIII"
"West","Masindi","Diima HCIII"
"West","Masindi","Ikoba HCIII"
"West","Masindi","Katulikire HCIII"
"West","Masindi","Kigumba HCIII"
"West","Masindi","Kinyara HCIII"
"West","Masindi","Kiryandongo Hospital"
"West","Masindi","Kyatiri HCIII"
"West","Masindi","Masindi Barracks"
"West","Masindi","Masindi Hospital"
"West","Masindi","Masindi port HCIII"
"West","Masindi","Mutunda HCIII"
"West","Masindi","Nyantonzi HCIII"
"West","Masindi","Pakanyi HCIII"
"West","Masindi","Panyadoli HCIII"
"West","Masindi","Taso Masindi"
"Central","Kiboga","Bukomero HCIV"
"Central","Kiboga","Butemba HC III"
"Central","Kiboga","Kiboga Hospital"
"Central","Kiboga","Kiyuni HC III"
"Central","Kiboga","Lwamata"
"Central","Kiboga","Nabwendo HC III"
"Central","Kiboga","Ntwetwe HCIV"
"Central","Kiboga","St Balikudembe"
"Central","Luwero","Bamunanika HCIII"
"Central","Luwero","Bishop Asiili"
"Central","Luwero","Bombo HCIII"
"Central","Luwero","Bombo Military Ho"
"Central","Luwero","Bowa HC III"
"Central","Luwero","Holy cross Kikyusa"
"Central","Luwero","Kalagala HCIV"
"Central","Luwero","Kamiira HCIII"
"Central","Luwero","Katikamu HCIII"
"Central","Luwero","Kyalugalo"
"Central","Luwero","Luwero HCIV"
"Central","Luwero","Makulubita"
"Central","Luwero","Nsawo HC III"
"Central","Luwero","Nyimbwa HCIII"
"Central","Luwero","Orient Med Center"
"Central","Luwero","Wobusana HC III"
"Central","Luwero","Zirobwe HC III"
"Central","Mityana","Hosfa Medical Center"
"Central","Mityana","Kikandwa HCIII"
"Central","Mityana","Kyamusisi HCIII"
"Central","Mityana","Kyantungo"
"Central","Mityana","Maanyi HCIII"
"Central","Mityana","Mityana Hospital"
"Central","Mityana","Mwera HCIV"
"Central","Mityana","Namutamba HCIII"
"Central","Mityana","Padre Pio"
"Central","Mityana","Sekanyonyi HCIII"
"Central","Mityana","St Francis"
"Central","Mpigi","Buwama HC III"
"Central","Mpigi","Gombe Hospital"
"Central","Mpigi","Kanoni HCIII"
"Central","Mpigi","Katende HC III"
"Central","Mpigi","Maddu HCIV"
"Central","Mpigi","Mitala Maria HCIII"
"Central","Mpigi","Mpigi HCIV"
"Central","Mpigi","Muduuma HCIII"
"Central","Mpigi","Nkozi Hospital"
"Central","Mpigi","Rapha med. Center"
"Central","Mubende","Bukuya HCIII"
"Central","Mubende","CMRC"
"Central","Mubende","Kasambya HC III"
"Central","Mubende","Kasanda HCIV"
"Central","Mubende","Kiganda HC IV"
"Central","Mubende","Mirembe Maria"
"Central","Mubende","Mubende Hospital"
"Central","Mubende","Mubende Mil Brks"
"Central","Nakaseke","Kapeeka HC III"
"Central","Nakaseke","Kiwoko Hospital"
"Central","Nakaseke","Nakaseke Hospital"
"Central","Nakaseke","Ngoma HC IV"
"Central","Nakaseke","Semuto HC III"
"Central","Nakasongola","Kakooge HCIII"
"Central","Nakasongola","Lwampanga HCIII"
"Central","Nakasongola","Nabiswera HCIII"
"Central","Nakasongola","Nakasongola bar'ks"
"Central","Nakasongola","Nakasongola IV"
"Central","Nakasongola","Nakayonza HCIII"
"Central","Nakasongola","Nakitoma HCIII"
"Central","Wakiso","Entebbe Hosp Grd B"
"Central","Wakiso","Jjanda Medical Center"
"Central","Wakiso","Kakiri Baracks"
"Central","Wakiso","kasangati HC IV"
"Central","Wakiso","Kasanje HC III"
"Central","Wakiso","Kira HC III"
"Central","Wakiso","Kisubi Hospital"
"Central","Wakiso","Kiziba HC III"
"Central","Wakiso","Luwunga Barracks"
"Central","Wakiso","Mild May Centre"
"Central","Wakiso","Mpumudde HC III"
"Central","Wakiso","Namayumba HC IV"
"Central","Wakiso","Ndejje HC IV"
"Central","Wakiso","Nsangi HC III"
"Central","Wakiso","TASO Entebbe"
"Central","Wakiso","Wakiso HC IV"
"South East","Budaka","Budaka HC IV"
"South East","Budaka","Iki-Iki HC III"
"South East","Budaka","Kaderuna HC III"
"South East","Budaka","Kamonkoli HC III"
"South East","Bugiri","Banda HC III"
"South East","Bugiri","Bugiri Hospital"
"South East","Bugiri","Bulesa HC III"
"South East","Bugiri","Buluguyi HC III"
"South East","Bugiri","Buwunga HC III"
"South East","Bugiri","Buyinja HC III"
"South East","Bugiri","Jwemba HC III"
"South East","Bugiri","Mayuge HC III"
"South East","Bugiri","Nabukalu HC III"
"South East","Bugiri","Nankoma HC III"
"South East","Bugiri","St. Mulumba HC III"
"South East","Bugiri","URHC HC III"
"South East","Busia","Busia HC IV"
"South East","Busia","Busitema HC III"
"South East","Busia","Daban Hospital"
"South East","Busia","Lumino HC III"
"South East","Busia","Majengo HC (NGO)"
"South East","Busia","Masaafu HC III"
"South East","Butaleja","Busaba HC III"
"South East","Butaleja","Busolwe Hospital"
"South East","Butaleja","Butaleja HC IV"
"South East","Butaleja","Mulagi HC III"
"South East","Butaleja","Nabiganda HC III"
"South East","Iganga","Bugono HC IV"
"South East","Iganga","Bulamaji HC III"
"South East","Iganga","Busesa HC IV"
"South East","Iganga","Iganga Hospital"
"South East","Iganga","Iganga TC HC"
"South East","Iganga","Irongo HC III"
"South East","Iganga","Kiyunga HC IV"
"South East","Iganga","Makutu HC III"
"South East","Iganga","Nambale HC III"
"South East","Iganga","Namungalwe HC III"
"South East","Iganga","Nawansegwa HC (NGO)"
"South East","Jinja","AIC"
"South East","Jinja","All Saints HC III"
"South East","Jinja","Budima HC III"
"South East","Jinja","Budondo HC III"
"South East","Jinja","Bugembe HC IV"
"South East","Jinja","Busede HC III"
"South East","Jinja","Butagaya HC III"
"South East","Jinja","Buwenge HC IV"
"South East","Jinja","Buwenge Hospital"
"South East","Jinja","Family hope"
"South East","Jinja","Jinja Central HC III"
"South East","Jinja","Jinja Hospital"
"South East","Jinja","Kakaire HC III"
"South East","Jinja","Kakira HC III"
"South East","Jinja","Kakira Hospital"
"South East","Jinja","Mpumude HC IV"
"South East","Jinja","Mulumba HC III"
"South East","Jinja","St. Benedict HC III"
"South East","Jinja","TASO"
"South East","Jinja","Walukuba HC IV"
"South East","Kaliro","Bumanya HC III"
"South East","Kaliro","Gadumire HC III"
"South East","Kaliro","Namugongo HC IV"
"South East","Kamuli","Balawoli HC III"
"South East","Kamuli","Bugulumbya HC III"
"South East","Kamuli","Bulopa HC III"
"South East","Kamuli","Buphadengo HC III"
"South East","Kamuli","Kamuli HC Care"
"South East","Kamuli","Kamuli Hospital"
"South East","Kamuli","Kamuli M Hospital"
"South East","Kamuli","Kidera HC III"
"South East","Kamuli","Lulyambuzi HC III"
"South East","Kamuli","Mbulamuti HC III"
"South East","Kamuli","Namasagali HC III"
"South East","Kamuli","Namwendwa HC III"
"South East","Kamuli","Nankandulo HC IV"
"South East","Kayunga","Bale HC IV"
"South East","Kayunga","Busana HC III"
"South East","Kayunga","Bwana HC III"
"South East","Kayunga","Galiraya HC III"
"South East","Kayunga","Kangulumira HC IV"
"South East","Kayunga","Kayunga Hospital"
"South East","Kayunga","KIHP HC"
"South East","Kayunga","Lugasa HC III"
"South East","Kayunga","Nazigo HC III"
"South East","Kayunga","Ntenjeru HC III"
"South East","Kayunga","Wabuwoko HC III"
"South East","Kayunga","YWM HC III"
"South East","Mayuge","Baitambogwe HC III"
"South East","Mayuge","Buluba Hospital"
"South East","Mayuge","Kigandalo HC IV"
"South East","Mayuge","Kityerera HC IV"
"South East","Mayuge","Malongo HC III"
"South East","Mayuge","Mayuge HC III"
"South East","Mukono","Bugaya HC III"
"South East","Mukono","Buikwe Hospital"
"South East","Mukono","Busabaga HC III"
"South East","Mukono","Buvuma HC IV"
"South East","Mukono","Buwagajjo HC III"
"South East","Mukono","Goma HC III"
"South East","Mukono","Kasawo HC III"
"South East","Mukono","Katoogo HC III"
"South East","Mukono","Kawolo Hospital"
"South East","Mukono","Kooja HC III"
"South East","Mukono","Koome HC III"
"South East","Mukono","Kyabazala HC III"
"South East","Mukono","Kyampisi HC III"
"South East","Mukono","Kyetume HC III"
"South East","Mukono","Makindu HC III"
"South East","Mukono","Mukono HC IV"
"South East","Mukono","Nagalama Hospital"
"South East","Mukono","Nagojje HC III"
"South East","Mukono","Najjembe HC III"
"South East","Mukono","Nakifuma HC III"
"South East","Mukono","Namuganga HC III"
"South East","Mukono","Namwezi HC III"
"South East","Mukono","Ngongwe HC III"
"South East","Mukono","Nkokonjeru hHspital"
"South East","Mukono","Nyenga Hospital"
"South East","Mukono","Seeta Nazigo HC III"
"South East","Mukono","St. Francis Njeru HC III"
"South East","Namutumba","Ivukula HC III"
"South East","Namutumba","Magada HC III"
"South East","Namutumba","Namutumba HC III"
"South East","Namutumba","Nsinze HC IV"
"South East","Pallisa","Buchanagandi HC III"
"South East","Pallisa","Buseta HC III"
"South East","Pallisa","Butebo HC IV"
"South East","Pallisa","Gogonyo HC III"
"South East","Pallisa","Kakoro HC III"
"South East","Pallisa","Kameke HC III"
"South East","Pallisa","Kamuge HC III"
"South East","Pallisa","Kanginima Hospital"
"South East","Pallisa","Kibuku HC IV"
"South East","Pallisa","Pallisa Hospital"
"South East","Tororo","Benedictine eye Hospital"
"South East","Tororo","Devine Mercy Hospital"
"South East","Tororo","Kwapa HC III"
"South East","Tororo","Malaba HC III"
"South East","Tororo","Marrie Stopes"
"South East","Tororo","Mirikit HC III"
"South East","Tororo","Mukuju HC IV"
"South East","Tororo","Mulanda HC IV"
"South East","Tororo","Nagongera HC IV"
"South East","Tororo","Paya HC III"
"South East","Tororo","Rubongi Army Hospital"
"South East","Tororo","St. Anthony Hospital"
"South East","Tororo","TASO"
"South East","Tororo","Tororo Hospital"
"South East","Tororo","True Vine HC III"
"South East","Tororo","Uganda Family Planning Association"
"East","Amuria","Amuria HC IV"
"East","Amuria","Kaperabyong"
"East","Amuria","St. Micheal "
"East","Amuria","St.Claire"
"East","Amuria","St.Francis"
"East","Bududa","Bududa Hospital"
"East","Bududa","Bukigai HC III"
"East","Bududa","Bushika HC III"
"East","Bukedea","Bukedea HC IV"
"East","Bukwo","Bukwo HC IV"
"East","Bukwo","Chesowir HC III"
"East","Bukwo","Kapkoloswo HC III"
"East","Kaberamaido","Anyara HC III"
"East","Kaberamaido","Gwetom HC III"
"East","Kaberamaido","Kaberamaido HC IV"
"East","Kaberamaido","Kalaki HC III"
"East","Kaberamaido","Kobulubulu HC III"
"East","Kaberamaido","Lwala Hospital"
"East","Kaberamaido","Ochero HC III"
"East","Kapchorwa","Binyiny HC III"
"East","Kapchorwa","Kapchorwa Hospital"
"East","Kapchorwa","kaproron HC IV"
"East","Kapchorwa","Sipi HC IV"
"East","Kapchorwa","Tegers HC  III"
"East","Katakwi","Katakwi HC IV"
"East","Katakwi","St Francis Toroma"
"East","Katakwi","Usuk HC IV"
"East","Kumi","Atutur Hospital"
"East","Bukedea","Kachumbala"
"East","Kumi","Kapir HC III"
"East","Bukedea","Kidongole HC III"
"East","Kumi","Kobuin HC III"
"East","Bukedea","Kolir"
"East","Kumi","Kumi HC III"
"East","Kumi","Kumi Hospital"
"East","Kumi","Mukongoro HC III"
"East","Kumi","Mukura HC III"
"East","Kumi","Ngora Hospital"
"East","Kumi","Ongino HC III"
"East","Manafwa","Bubulo HC III"
"East","Manafwa","Bubutu HC III"
"East","Manafwa","Buduma Hospital"
"East","Manafwa","Bugobero IV"
"East","Manafwa","Butiru Chrisco Hospital"
"East","Manafwa","Magale IV"
"East","Mbale","Marie Stopes"
"East","Mbale","Bufumbo HC III"
"East","Mbale","Bushikoli HC III"
"East","Mbale","Busiu HC IV"
"East","Mbale","Kolony HC III"
"East","Mbale","Maluku HC III"
"East","Mbale","Mbale AIC"
"East","Mbale","Mbale R.R.Hospital"
"East","Mbale","Mbale SDA"
"East","Mbale","Nakaloke HC III"
"East","Mbale","TASO Mbale"
"East","Sironko","Budadiri HC IV"
"East","Sironko","Buginyanya HC III"
"East","Sironko","Buwasa HCIV"
"East","Sironko","Muyembe HCIV "
"East","Sironko","Shared Blessing"
"East","Sironko","Sironko HC III"
"East","Soroti","Apapai HC IV"
"East","Soroti","Atirir HC IV"
"East","Soroti","Diana HC IV "
"East","Soroti","Pingire HC III"
"East","Soroti","Serere HC IV"
"East","Soroti","Soroti MED.ASS."
"East","Soroti","Soroti R.R Hospital"
"East","Soroti","TASO Soroti"
"North West","Adjumani","Adjumani Hospital"
"North West","Adjumani","Adjumani Mission"
"North West","Adjumani","Alene HC III"
"North West","Adjumani","Bina HC III"
"North West","Adjumani","Ciforo HC III"
"North West","Adjumani","Kocoa Mission"
"North West","Adjumani","Mungula HC IV"
"North West","Adjumani","Ofua HC III"
"North West","Adjumani","Openzinzi HC III"
"North West","Adjumani","Pakelle HC III"
"North West","Arua","0lujobo HC III"
"North West","Arua","Adumi HC IV"
"North West","Arua","Anyavu II"
"North West","Arua","Anyiribu"
"North West","Arua","Aroi HC III"
"North West","Arua","Arua R. R. Hospital"
"North West","Arua","Bondo HC III"
"North West","Arua","Ediofe Mission HC III"
"North West","Arua","Kuluva Hospital"
"North West","Arua","Logiri HC III"
"North West","Arua","Ojee Mission HC III"
"North West","Arua","Okollo HC III"
"North West","Arua","Oli HC IV"
"North West","Arua","Oyima HC III"
"North West","Arua","Rhino Camp HC IV"
"North West","Arua","Uleppi HC II"
"North West","Koboko","Koboko HC IV"
"North West","Koboko","Koboko Mission"
"North West","Koboko","Kuluba HC II"
"North West","Koboko","Lobule HC III"
"North West","Koboko","Ludara HC III"
"North West","Moyo","Aliba HC III"
"North West","Moyo","Bilibao Memorial HC III"
"North West","Moyo","Eria HC III"
"North West","Moyo","Kali HC III"
"North West","Moyo","Laropi HC III"
"North West","Moyo","Lefori HC III"
"North West","Moyo","Metu HC III"
"North West","Moyo","Moyo Hospital"
"North West","Moyo","Moyo Mission HC III"
"North West","Moyo","Moyo Pioneer Clinic"
"North West","Moyo","Obongi HC IV"
"North West","Moyo","Panorombe Clinic"
"North West","Moyo","St Dominic Clinic"
"North West","Nebbi","Agiermach"
"North West","Nebbi","Angal Hospital "
"North West","Nebbi","Erussi HC III"
"North West","Nebbi","Goli HC III "
"North West","Nebbi","Nebbi Hospital "
"North West","Nebbi","Nyapea HC III "
"North West","Nebbi","Nyapea Hospital"
"North West","Nebbi","Orussi "
"North West","Nebbi","Padwot Midyere "
"North West","Nebbi","Paidha "
"North West","Nebbi","Pakia HC III"
"North West","Nebbi","Pakwach HC IV "
"North West","Nebbi","Panyigoro HC III"
"North West","Nebbi","Panyimur HC III"
"North West","Nebbi","Parombo HC III"
"North West","Nebbi","Wadelai HC III"
"North West","Nebbi","Warr HCIII "
"North West","Nebbi","Zeu HC III"
"North West","Nebbi","Zumbo HC III"
"North West","Nyadri","Aripea"
"North West","Nyadri","Bileafe"
"North West","Nyadri","Cilio"
"North West","Nyadri","Kijomoro HC III"
"North West","Nyadri","Maracha Hospital"
"North West","Nyadri","Ocodri"
"North West","Nyadri","Oleba HC III"
"North West","Nyadri","Omugo HC IV"
"North West","Nyadri","Oriajini Hospital"
"North West","Nyadri","Otumbali"
"North West","Nyadri","Siripi"
"North West","Nyadri","St Francis Ocodri"
"North West","Nyadri","Wadra HC III"
"North West","Nyadri","Wandi HC III"
"North West","Nyadri","Yinga"
"North West","Yumbe","Ariwa HC III"
"North West","Yumbe","Kei HC III"
"North West","Yumbe","Kulikulinga HC III"
"North West","Yumbe","Lodonga HC III"
"North West","Yumbe","Lodonga Mission Hospital"
"North West","Yumbe","Matuma HC III"
"North West","Yumbe","Midigo HC IV"
"North West","Yumbe","Yumbe Hospital"
"South West","Bushenyi","Bihanga"
"South West","Bushenyi","Bitereko HC III"
"South West","Bushenyi","Bitooma HC III"
"South West","Bushenyi","Bugongi HC III"
"South West","Bushenyi","Bushenyi HC III"
"South West","Bushenyi","Bushenyi Med.Centre"
"South West","Bushenyi","Comboni Hospital"
"South West","Bushenyi","Ishaka Hospital"
"South West","Bushenyi","Kabira HC III"
"South West","Bushenyi","Kabwohe HC IV"
"South West","Bushenyi","Katerera HC III"
"South West","Bushenyi","Kigarama HC III"
"South West","Bushenyi","Kitagata Hospital"
"South West","Bushenyi","Kyabugimbi HC IV"
"South West","Bushenyi","Mitooma HC IV"
"South West","Bushenyi","Nsiika HC IV"
"South West","Bushenyi","Nyakatsiro HC III"
"South West","Bushenyi","Rugazi HC IV"
"South West","Bushenyi","Rwobulunga"
"South West","Bushenyi","Shuuku HC IV"
"South West","Ibanda","Bisheshe HC III"
"South West","Ibanda","Ibanda Hospital"
"South West","Ibanda","Ishongoro Hosp"
"South West","Ibanda","Kanyambogo III"
"South West","Ibanda","Kikyenkye"
"South West","Ibanda","Ruhoko IV"
"South West","Isingiro","Kabuyanda HC IV"
"South West","Isingiro","Kamubeizi"
"South West","Isingiro","Kasuhumba III"
"South West","Isingiro","Kyabirukwa HC III"
"South West","Isingiro","Nakivale"
"South West","Isingiro","Nshungeyezi"
"South West","Isingiro","Nyamuyanja IV"
"South West","Isingiro","Nyarubungo III"
"South West","Isingiro","Rugaga"
"South West","Isingiro","Rwekubo HC IV"
"South West","Kabale","Bufundi"
"South West","Kabale","Buhara"
"South West","Kabale","Bukinda"
"South West","Kabale","Hamurwa HC IV"
"South West","Kabale","Highway Clinic"
"South West","Kabale","Kabale Hospital"
"South West","Kabale","kaharo"
"South West","Kabale","Kamuganguzi"
"South West","Kabale","Kamwezi"
"South West","Kabale","Kihefo"
"South West","Kabale","Kiizi"
"South West","Kabale","Maziba"
"South West","Kabale","Mparo"
"South West","Kabale","Muhunde clinic"
"South West","Kabale","Muko HC IV"
"South West","Kabale","Rubanda PHC"
"South West","Kabale","Rubaya"
"South West","Kabale","Rugarama"
"South West","Kabale","Rushorooza"
"South West","Kanungu","Bwindi Comm. HC III"
"South West","Kanungu","Kambuga Hosp"
"South West","Kanungu","Kanungu HC IV"
"South West","Kanungu","Kayonza H/C III"
"South West","Kanungu","Kayonza Tea Factory"
"South West","Kanungu","Kihiihi HC IV"
"South West","Kanungu","St Anne Nyakashozi"
"South West","Kasese","Bugoye HC III"
"South West","Kasese","Bwera Hospital"
"South West","Kasese","Hiima HC III"
"South West","Kasese","Kagando Hospital"
"South West","Kasese","Karambi III"
"South West","Kasese","Kasanga PHC"
"South West","Kasese","Kasese Town Council"
"South West","Kasese","Katwe HC III"
"South West","Kasese","Kilembe Hospital"
"South West","Kasese","Kinyamaseke III"
"South West","Kasese","Maliba III"
"South West","Kasese","Nyabirongo III"
"South West","Kasese","Rukooki III"
"South West","Kasese","Rwesande IV"
"South West","Kasese","St Pauls HC IV"
"South West","Kiruhura","Kanyaryeru HC III"
"South West","Kiruhura","Kazo HC IV"
"South West","Kiruhura","Kiruhura HC III"
"South West","Kiruhura","Rushere Hospital"
"South West","Kisoro","Busanza HC IV"
"South West","Kisoro","Chahafi HC IV"
"South West","Kisoro","Kinanira"
"South West","Kisoro","Kisoro Hospital"
"South West","Kisoro","Mutolere Hospital"
"South West","Kisoro","Rubuguli HC IV"
"South West","Lyantonde","Kasagama"
"South West","Lyantonde","Kinuka"
"South West","Lyantonde","Lyantonde Hospital"
"South West","Lyantonde","Lyantonde Muslem"
"South West","Lyantonde","Mpumudde"
"South West","Masaka","All Saints Clinic"
"South West","Masaka","Bukulula HC IV"
"South West","Masaka","Butenga HC IV"
"South West","Masaka","Buyoga HC III"
"South West","Masaka","Kalungu HC III"
"South West","Masaka","Kasijjagirwa Clinic"
"South West","Masaka","Kinoni HC III"
"South West","Masaka","Kitaasa HC III"
"South West","Masaka","Kitovu Hospital"
"South West","Masaka","Kiwangala HC IV"
"South West","Masaka","Kiyumba HC IV"
"South West","Masaka","Kyamulibwa HC IV"
"South West","Masaka","Kyanamukaka HC IV"
"South West","Masaka","Kyazanga HC IV"
"South West","Masaka","Lukaya HC III"
"South West","Masaka","Lwengo HC IV"
"South West","Masaka","Makondo HC III"
"South West","Masaka","Makukulu HC II"
"South West","Masaka","Masaka Hospital"
"South West","Masaka","Taso Masaka"
"South West","Masaka","Uganda Cares MSK"
"South West","Masaka","Villa Maria Hosp."
"South West","Mbarara","2nd Division Maken"
"South West","Mbarara","AIC Mbarara"
"South West","Mbarara","Bugamba HC IV"
"South West","Mbarara","Bwizibwera HC IV"
"South West","Mbarara","Mbarara Comm.Hos"
"South West","Mbarara","Mbarara Hosp.Micro"
"South West","Mbarara","Mbarara Municipal"
"South West","Mbarara","Rubindi HC III"
"South West","Mbarara","Rubindi NGO"
"South West","Mbarara","Ruharo Mission"
"South West","Mbarara","Ruharo Mission"
"South West","Mbarara","TASO Mbarara"
"South West","Ntungamo","Itojo Hospital"
"South West","Ntungamo","Kayonza HC III"
"South West","Ntungamo","Kitwe HC IV"
"South West","Ntungamo","Ngoma HC III"
"South West","Ntungamo","Ntungamo HC III"
"South West","Ntungamo","Rubaare HC IV"
"South West","Ntungamo","Rugarama HC III"
"South West","Ntungamo","Ruhaama HC III"
"South West","Ntungamo","Rushooka HC II NGO"
"South West","Ntungamo","Rwashamaire HC IV"
"South West","Rakai","Bikiira HC III"
"South West","Rakai","Buyamba HC III"
"South West","Rakai","Kabira HC III"
"South West","Rakai","Kabwoko HC III"
"South West","Rakai","Kacheera HC III"
"South West","Rakai","Kakuuto HC IV"
"South West","Rakai","Kalisizo Hospital"
"South West","Rakai","Kasaali HC III"
"South West","Rakai","Kasasa HC III"
"South West","Rakai","Kifamba HC III"
"South West","Rakai","Kyarurangira HC III"
"South West","Rakai","Kyebe HC III"
"South West","Rakai","Lwamagwa HC III"
"South West","Rakai","Lwanda HC III"
"South West","Rakai","Rakai health Scienc"
"South West","Rakai","Rakai Hospital"
"South West","Rukungiri","Bugangari HC IV"
"South West","Rukungiri","Buhunga HC III"
"South West","Rukungiri","Buyanja HC III"
"South West","Rukungiri","Bwambara HC III"
"South West","Rukungiri","Kebisoni HC IV"
"South West","Rukungiri","Kibirizi III"
"South West","Rukungiri","Kisiizi Hospital"
"South West","Rukungiri","Kisiizi III"
"South West","Rukungiri","Ndama III"
"South West","Rukungiri","Nyakagyeme III"
"South West","Rukungiri","Nyakibale Hospital"
"South West","Rukungiri","Nyakishenyi III"
"South West","Rukungiri","Nyarushanje III"
"South West","Rukungiri","Rugarama III"
"South West","Rukungiri","Ruhinda HC III"
"South West","Rukungiri","Rukungiri HC III"
"South West","Rukungiri","Rusheshe III"
"South West","Rukungiri","Rwenshama III"
"South West","Rukungiri","Taso Rukungiri"
"South West","Sembabule","Bamu Hospital"
"South West","Sembabule","Katimba HC III"
"South West","Sembabule","Lwebitakuli HC III"
"South West","Sembabule","Matete III"
"South West","Sembabule","Ntuusi HC III NGO"
"South West","Sembabule","Ntuusi HC IV"
"South West","Sembabule","Sembabule HC IV"
"Kampala","Kampala","3rd floor Mulago/microb."
"Kampala","Kampala","AIC"
"Kampala","Kampala","Assessment Centre"
"Kampala","Kampala","Bethlehm"
"Kampala","Kampala","Butabika"
"Kampala","Kampala","Case Medical"
"Kampala","Kampala","Family hope center"
"Kampala","Kampala","IDI"
"Kampala","Kampala","JCRC"
"Kampala","Kampala","Joy Med Centre"
"Kampala","Kampala","Kamowkya"
"Kampala","Kampala","Kawempe"
"Kampala","Kampala","Kibuli Hospital"
"Kampala","Kampala","Kiruddu"
"Kampala","Kampala","Kisenyi"
"Kampala","Kampala","Kisswa"
"Kampala","Kampala","Mbuya Hospital"
"Kampala","Kampala","Med. School"
"Kampala","Kampala","Medical MICRO"
"Kampala","Kampala","Mengo"
"Kampala","Kampala","Microbiology"
"Kampala","Kampala","Murchinson Bay"
"Kampala","Kampala","Naguru H.C."
"Kampala","Kampala","Namungona"
"Kampala","Kampala","Nsambya Hosp"
"Kampala","Kampala","Nsambya Police"
"Kampala","Kampala","Reach out Mbuya"
"Kampala","Kampala","Rubaga"
"Kampala","Kampala","Side Lab Marchinson Bay"
"Kampala","Kampala","TASO Mulago"
"Kampala","Kampala","Ward 5 & 6"
"Kampala","Kampala","Worker's Treatment"
"South West","Isingiro","Nyakitunda HC III"
"South West","Bushenyi","Bubangizi"
"South West","Bushenyi","Kicwamba HC III"
"South West","Isingiro","Ruhuira HC III"
"South East","Mukono","SSI HC III"
"South East","Mayuge","Buwaiswa HC III"
"South East","Namutumba","Bukonte HC III"
"East","Mbale","Nyondo HC III"
"East","Soroti","AIC Soroti"
"South West","Kabale","Muko NGO"
"Kampala","Kampala","Reach out Kinawataka"
"South West","Masaka","Nyendo HC II"
"Central","Nakasongola","Kalungi HC III"
"Central","Luwero","Namaliga"
"Central","Luwero","Kyalugondo"
"Central","Luwero","Katikamu Kisuule"
"Central","Luwero","Kasana HC"
"Central","Wakiso","Saidha Abubaker"
"Central","Kiboga","Butenda HC III"
"Central","Nakasongola","Our Lady of Lourdes HC III"
"Central","Mpigi","Ggoli HC III"
"Central","Luwero","Butuntumula"
"Central","Luwero","Bukalasa"
"Central","Mityana","St. Luke Kiyinda"
"Central","Wakiso","Nakawuka HC III"
"Central","Wakiso","Entebbe Hosp Isolation"
"Central","Kiboga","Agape HC"
"Central","Mubende","Kabamba HC"
"Central","Luwero","Ndejje University"
"Central","Wakiso","Kajjansi"
"South East","Bugiri","Buswale HC III"
"South East","Bugiri","Kayango HC III"
"South East","Mukono","Wakisi HC III"
"North","Apac","Apac Hospital"
"North","Apac","Ibuje HC III"
"North","Apac","Aboke HC IV"
"North","Apac","Bara HC III"
"North","Apac","Aduku HC IV"
"North","Apac","Teboke HC III"
"West","Kibaale","Isunga HC III"
"West","Kibaale","Kibaale HC IV"
"East","Kumi","Kanyumu HC III"
"West","Kyenjojo","Bujubuli HC III"
"North","Dokolo","Kangai HC III"
"North","Dokolo","Dokolo HC IV"
"North","Dokolo","Agwata HC III"
"North","Dokolo","Bata HC III"
"South West","Kalangala","Kalangala HC IV"
"South East","Iganga","Iganga Islamic"
"South East","Mayuge","Wabulungu HC III"
"South West","Kanungu","Nyakatare HC III"
"East","Mbale","JCRC Mbale"
"East","Mbale","Joy Hospic"
"East","Soroti","Kateta HC III"
"East","Soroti","Gweri HC III"
"South West","Bushenyi","Kabushaho HC III"
"North","Apac","Chawente HC III"
"North","Apac","Alito HC III"
"North","Pader","Lira Palwo HC III"
"North","Gulu","Aywee HC III"
"North","Gulu","Patico HC III"
"North","Pader","Atanga HC III"
"Kampala","Kampala","Kitebi HC "
"Central","Kiboga","Kikonda HC"
"Central","Wakiso","St. Magdalene Lweza"
"Central","Mpigi","Kifamba HC III"
"Central","Mubende","St.Matia Mulumba"
"Central","Mpigi","Nswanjere HC III"
"Central","Mityana","Malangala"
"Central","Mityana","Kitongo"
"Central","Mubende","JCRC"
"Central","Kiboga","Seeta HC III"
"Central","Kiboga","Sirimula HC II"
"Central","Mpigi","Kituntu HC III"
"Central","Mpigi","Kibanga HC III"
"Central","Mpigi","Mpenja HC III"
"Central","Wakiso","Busi HC II"
"Central","Mityana","Mayilye"
"Central","Wakiso","Buwambo HC IV"
"South West","Kabale","Kakore NGOeast","Amuria","Amuria HC IV","408-2"
"east","Amuria","Kaperabyong","408-6"
"east","Amuria","St. Micheal Wera"
"east","Amuria","St.Claire Ococia","408-3"
"east","Amuria","St.Francis Acumet","408-1"
"east","Bududa","Bududa Hospital"
"east","Bududa","Bukigai HC III"
"east","Bududa","Bushika HC III"
"east","Bukedea","Bukedea HC IV","402-2"
"east","Bukedea","Kachumbala","402-6"
"east","Bukedea","Kidongole HC III","402-11"
"east","Bukedea","Kolir","402-13"
"east","Bukwo","Bukwo HC IV"
"east","Bukwo","Chesowir HC III"
"east","Bukwo","Kapkoloswo HC III","405-2"
"east","Kaberamaido","Anyara HC III","400-7"
"east","Kaberamaido","Gwetom HC III","400-6"
"east","Kaberamaido","Kaberamaido HC IV","400-2"
"east","Kaberamaido","Kalaki HC III","400-3"
"east","Kaberamaido","Kobulubulu HC III","400-5"
"east","Kaberamaido","Lwala Hospital","400-1"
"east","Kaberamaido","Ochero HC III","400-4"
"east","Kapchorwa","Binyiny HC III","404-21"
"east","Kapchorwa","Kapchorwa Hospital","404-1"
"east","Kapchorwa","kaproron HC IV","404-2"
"east","Kapchorwa","Sipi HC III","404-4"
"east","Kapchorwa","Tegers HC  III","404-5"
"east","Katakwi","Katakwi HC IV","410-1"
"east","Katakwi","St Francis Toroma"
"east","Katakwi","Usuk HC IV","410-2"
"east","Kumi","Mukongoro HC III","402-5"
"east","Kumi","Kobuin HC III","402-9"
"east","Kumi","Mukura HC III","402-6"
"east","Kumi","Ngora Hospital","402-12"
"east","Kumi","Ongino HC III","402-8"
"east","Kumi","Kumi Hospital","402-4"
"east","Kumi","Aturur Hospital","402-1"
"east","Kumi","Kumi HC III","402-3"
"east","Kumi","Kanyumu HC III","402-11"
"east","Kumi","Kapir HC III","402-10"
"east","Manafwa","Bubulo HC III"
"east","Manafwa","Bubutu HC III"
"east","Manafwa","Bugobero IV"
"east","Manafwa","Butiru Chrisco Hospital"
"east","Manafwa","Magale IV"
"east","Mbale","Bufumbo HC III","401-8"
"east","Mbale","Bushikoli HC III","401-26"
"east","Mbale","Busiu HC IV","401-28"
"east","Mbale","JCRC-Mbale"
"east","Mbale","Joy Hospice","401-39"
"east","Mbale","Kolony HC III","401-40"
"east","Mbale","Maluku HC III","401-45"
"east","Mbale","Mbale AIC","401-76"
"east","Mbale","Mbale R.R.Hospital","401-47"
"east","Mbale","Nakaloke HC III","401-50"
"east","Mbale","Nyondo HC III","401-31"
"east","Mbale","TASO Mbale","401-66"
"east","Sironko","Budadiri HC IV","409-3"
"east","Sironko","Buginyanya HC III"
"east","Sironko","Buwasa HCIV","409-22"
"east","Sironko","Muyembe HCIV","409-28"
"east","Sironko","Shared Blessing","409-33"
"east","Sironko","Sironko HC III","409-30"
"east","Soroti","AIC Soroti","403-63"
"east","Soroti","Apapai HC IV","403-3"
"east","Soroti","Atirir HC IV/ Tiriri HCIV","403-29"
"east","Soroti","Diana HC IV","403-38"
"east","Soroti","Gweri HCIII"
"east","Soroti","Kateta HCIII","403-14"
"east","Soroti","Pingire HC III","403-25"
"east","Soroti","Serere HC IV","403-26"
"east","Soroti","Soroti MED.ASS.","403-62"
"east","Soroti","Soroti R.R Hospital","403-1"
"east","Soroti","TASO Soroti","403-TSO1"
"east","Bukedea","Malera HCIII"
"east","Kaberamaido","Pakegido","400-8"
"east","Amuria","Ocowa HCIII"
"east","Soroti","Atiira HC III"
"east","Soroti","Northern Division HC III"
"east","Soroti","Kyere HC III"
"east","Kaberamaido","Otuboi HC III"
"east","Kumi","Kamacha HC III"
"North East","ABIM","ABIM HOSPITAL","51-A"
"North East","ABIM","MORULEM HC IV","51A-6"
"North East","ABIM","NYAKWAE HC III"
"North East","ABIM","ORWAMUGE HC III"
"North East","KAABONG","KAABONG HOSPITAL","504-1"
"North East","KAABONG","KARENGA HC IV","504-2"
"North East","KOTIDO","KACHERI HC III","501-6"
"North East","KOTIDO","KANAWAT HC III","501-3"
"North East","KOTIDO","KDDS COU HC III","501-4"
"North East","KOTIDO","KOTIDO HC IV"
"North East","KOTIDO","PANYAGARA HC III","501-5"
"North East","KOTIDO","RENGEN HC III","501-7"
"North East","KOTIDO","NAKAPELIMORU"
"North East","NAKAPIRIPIRIT","AMUDAT HOSPITAL","502N-2"
"North East","NAKAPIRIPIRIT","NABILATUK HC IV","502N-19"
"North East","NAKAPIRIPIRIT","TOKORA HC IV"
"North East","MOROTO","ARMY HC III"
"North East","MOROTO","IRIRI HC III","500-3"
"North East","MOROTO","KANGOLE HC III","500-6"
"North East","MOROTO","MATANY HOSPITAL","500-2"
"North East","MOROTO","MOROTO HOSPITAL","500-1"
"North East","MOROTO","NADUNGET HC III"
"North East","MOROTO","St. PIUS KIDEPO HC III","500-7"